task	sid_name	role
0	rqkmeans_3codebook_128	control
0	MQ_3codebook_128	missing
0	rqvae_3codebook_128	missing
0	rqkmeans_4codebook_128	missing
0	MQ_4codebook_128	missing
1	rqvae_4codebook_128	recipe_match
1	rqkmeans_5codebook_128	missing
1	MQ_5codebook_128	missing
1	rqvae_5codebook_128	missing
1	rqkmeans_3codebook_512	missing
2	MQ_3codebook_512	missing
2	rqvae_3codebook_512	missing
2	rqkmeans_4codebook_512	missing
2	MQ_4codebook_512	missing
3	rqvae_4codebook_512	missing
3	rqkmeans_5codebook_512	missing
3	MQ_5codebook_512	missing
3	rqvae_5codebook_512	missing
